{
    "afr": {
        "Population": "afr",
        "chr": "",
        "dupINVdup": [
            0.9391999840736389,
            16725244
        ],
        "delINVdel": [
            0.9711670279502869,
            10987527
        ],
        "delINVdup": [
            0.06902699917554855,
            3884959
        ],
        "dupINVdel": [
            0.07221899926662445,
            121190985
        ],
        "delINV": [
            0.7702419757843018,
            57497185
        ],
        "INVdel": [
            0.47371798753738403,
            224428234
        ],
        "dDUP_iDEL": [
            0.9457560181617737,
            41232811
        ],
        "INS_iDEL": [
            0.5053240060806274,
            63277561
        ],
        "dupINV": [
            0.0914430022239685,
            95558620
        ],
        "INVdup": [
            0.09778899699449539,
            113134215
        ],
        "dDUP": [
            0.7916470170021057,
            125316618
        ],
        "DEL": [
            1.0,
            2683225
        ],
        "INS": [
            1.0,
            10785883
        ],
        "INV": [
            0.9804530143737793,
            26001843
        ],
        "CTX": [
            0.36586201190948486,
            108631056
        ],
        "CNV": [
            0,
            0
        ],
        "BND": [
            1.0,
            114842237
        ],
        "DUP": [
            1.0,
            27743758
        ]
    },
    "eas": {
        "Population": "afr",
        "chr": "",
        "dupINVdup": [
            0.9787859916687012,
            16725244
        ],
        "delINVdel": [
            0.9933459758758545,
            20066543
        ],
        "delINVdup": [
            0.11642800271511078,
            46246753
        ],
        "dupINVdel": [
            0.03479800000786781,
            40845741
        ],
        "delINV": [
            0.9647259712219238,
            57497185
        ],
        "INVdel": [
            0.37740498781204224,
            187891868
        ],
        "dDUP_iDEL": [
            0.8926169872283936,
            41232811
        ],
        "INS_iDEL": [
            0.9387969970703125,
            47711937
        ],
        "dupINV": [
            0.07979299873113632,
            44655358
        ],
        "INVdup": [
            0.08164799958467484,
            66583070
        ],
        "dDUP": [
            0.7882909774780273,
            170171747
        ],
        "DEL": [
            1.0,
            2683225
        ],
        "INS": [
            1.0,
            26333430
        ],
        "INV": [
            0.9876670241355896,
            26001843
        ],
        "CTX": [
            0.37419798970222473,
            108631056
        ],
        "CNV": [
            0,
            0
        ],
        "BND": [
            1.0,
            16725244
        ],
        "DUP": [
            1.0,
            48202583
        ]
    },
    "fin/nfe": {
        "Population": "afr",
        "chr": "",
        "dupINVdup": [
            0.9706609845161438,
            16725244
        ],
        "delINVdel": [
            0.9831690192222595,
            16545188
        ],
        "delINVdup": [
            0.030439000576734543,
            176508950
        ],
        "dupINVdel": [
            0.01596199907362461,
            118363212
        ],
        "delINV": [
            0.7994700074195862,
            57497185
        ],
        "INVdel": [
            0.5049409866333008,
            1599080
        ],
        "dDUP_iDEL": [
            0.9463469982147217,
            41232811
        ],
        "INS_iDEL": [
            0.6631550192832947,
            47711937
        ],
        "dupINV": [
            0.04032300040125847,
            114250278
        ],
        "INVdup": [
            0.07257600128650665,
            66583070
        ],
        "dDUP": [
            0.7198749780654907,
            15431855
        ],
        "DEL": [
            1.0,
            2653752
        ],
        "INS": [
            1.0,
            26333430
        ],
        "INV": [
            0.9885429739952087,
            26001843
        ],
        "CTX": [
            0.3780460059642792,
            108631056
        ],
        "CNV": [
            0,
            0
        ],
        "BND": [
            1.0,
            16725244
        ],
        "DUP": [
            1.0,
            27743758
        ]
    }
}