Population,chr,dupINVdup,delINVdel,delINVdup,dupINVdel,delINV,INVdel,dDUP_iDEL,INS_iDEL,dupINV,INVdup,dDUP,DEL,INS,INV,CTX,CNV,BND,DUP
afr,,"[0.9391999840736389, 16725244]","[0.9711670279502869, 10987527]","[0.06902699917554855, 3884959]","[0.07221899926662445, 121190985]","[0.7702419757843018, 57497185]","[0.47371798753738403, 224428234]","[0.9457560181617737, 41232811]","[0.5053240060806274, 63277561]","[0.0914430022239685, 95558620]","[0.09778899699449539, 113134215]","[0.7916470170021057, 125316618]","[1.0, 2683225]","[1.0, 10785883]","[0.9804530143737793, 26001843]","[0.36586201190948486, 108631056]","[0, 0]","[1.0, 114842237]","[1.0, 27743758]"
afr,,"[0.9787859916687012, 16725244]","[0.9933459758758545, 20066543]","[0.11642800271511078, 46246753]","[0.03479800000786781, 40845741]","[0.9647259712219238, 57497185]","[0.37740498781204224, 187891868]","[0.8926169872283936, 41232811]","[0.9387969970703125, 47711937]","[0.07979299873113632, 44655358]","[0.08164799958467484, 66583070]","[0.7882909774780273, 170171747]","[1.0, 2683225]","[1.0, 26333430]","[0.9876670241355896, 26001843]","[0.37419798970222473, 108631056]","[0, 0]","[1.0, 16725244]","[1.0, 48202583]"
afr,,"[0.9706609845161438, 16725244]","[0.9831690192222595, 16545188]","[0.030439000576734543, 176508950]","[0.01596199907362461, 118363212]","[0.7994700074195862, 57497185]","[0.5049409866333008, 1599080]","[0.9463469982147217, 41232811]","[0.6631550192832947, 47711937]","[0.04032300040125847, 114250278]","[0.07257600128650665, 66583070]","[0.7198749780654907, 15431855]","[1.0, 2653752]","[1.0, 26333430]","[0.9885429739952087, 26001843]","[0.3780460059642792, 108631056]","[0, 0]","[1.0, 16725244]","[1.0, 27743758]"
